통계명 : 장래인구 출  처 : 통계청 2000~2012, 단위 : 천명,,,,,,,,,,,,,
대륙,국가,2000 ,2001 ,2002 ,2003 ,2004 ,2005 ,2006 ,2007 ,2008 ,2009 ,2010 ,2011 ,2012 
세계,소계,6122770 ,6200003 ,6276722 ,6353196 ,6429758 ,6506649 ,6583959 ,6661637 ,6739610 ,6817737 ,6895889 ,6974036 ,7052135 
아시아,한국,47008 ,47357 ,47622 ,47859 ,48039 ,48138 ,48372 ,48598 ,48949 ,49182 ,49410 ,49779 ,50004 
아시아,아프가니스탄,22856 ,23677 ,24640 ,25679 ,26693 ,27615 ,28421 ,29146 ,29840 ,30578 ,31412 ,32358 ,33397 
아시아,아르메니아,3076 ,3066 ,3061 ,3061 ,3063 ,3066 ,3070 ,3074 ,3079 ,3085 ,3092 ,3100 ,3109 
아시아,아제르바이잔,8111 ,8191 ,8280 ,8377 ,8480 ,8588 ,8702 ,8821 ,8944 ,9067 ,9188 ,9306 ,9421 
아시아,바레인,638 ,643 ,642 ,647 ,672 ,725 ,811 ,926 ,1052 ,1170 ,1262 ,1324 ,1359 
아시아,방글라데시,129592 ,131945 ,134266 ,136515 ,138633 ,140588 ,142354 ,143957 ,145478 ,147030 ,148692 ,150494 ,152409 
아시아,부탄,571 ,588 ,606 ,624 ,642 ,659 ,675 ,689 ,701 ,714 ,726 ,738 ,750 
아시아,브루나이,327 ,334 ,342 ,349 ,356 ,363 ,370 ,378 ,385 ,392 ,399 ,406 ,413 
아시아,캄보디아,12447 ,12654 ,12845 ,13024 ,13194 ,13358 ,13516 ,13670 ,13823 ,13978 ,14138 ,14305 ,14478 
아시아,중국,1269117 ,1277904 ,1285934 ,1293397 ,1300552 ,1307593 ,1314581 ,1321482 ,1328276 ,1334909 ,1341335 ,1347565 ,1353601 
아시아,키프로스,943 ,961 ,980 ,998 ,1016 ,1033 ,1048 ,1063 ,1077 ,1090 ,1104 ,1117 ,1129 
아시아,동티모르,830 ,853 ,888 ,931 ,974 ,1010 ,1039 ,1061 ,1080 ,1100 ,1124 ,1154 ,1187 
아시아,그루지야,4746 ,4685 ,4626 ,4570 ,4520 ,4477 ,4443 ,4416 ,4394 ,4374 ,4352 ,4329 ,4304 
아시아,홍콩,6783 ,6829 ,6837 ,6822 ,6808 ,6810 ,6833 ,6873 ,6926 ,6988 ,7053 ,7122 ,7196 
아시아,인도,1053898 ,1071374 ,1088694 ,1105886 ,1122991 ,1140043 ,1157039 ,1173972 ,1190864 ,1207740 ,1224614 ,1241492 ,1258351 
아시아,인도네시아,213395 ,216203 ,219026 ,221839 ,224607 ,227303 ,229919 ,232462 ,234951 ,237414 ,239871 ,242326 ,244769 
아시아,이란,65342 ,66314 ,67213 ,68062 ,68893 ,69732 ,70582 ,71435 ,72289 ,73137 ,73974 ,74799 ,75612 
아시아,이라크,23857 ,24552 ,25233 ,25915 ,26619 ,27359 ,28141 ,28961 ,29821 ,30725 ,31672 ,32665 ,33703 
아시아,이스라엘,6015 ,6131 ,6242 ,6352 ,6471 ,6605 ,6755 ,6920 ,7092 ,7261 ,7418 ,7562 ,7695 
아시아,일본,125720 ,125894 ,126048 ,126184 ,126299 ,126393 ,126465 ,126515 ,126545 ,126552 ,126536 ,126497 ,126435 
아시아,요르단,4827 ,4910 ,4998 ,5097 ,5210 ,5342 ,5495 ,5667 ,5849 ,6026 ,6187 ,6330 ,6457 
아시아,카자흐스탄,14957 ,14898 ,14902 ,14959 ,15053 ,15172 ,15312 ,15476 ,15655 ,15841 ,16026 ,16207 ,16381 
아시아,북한,22894 ,23083 ,23265 ,23437 ,23597 ,23746 ,23882 ,24009 ,24126 ,24238 ,24346 ,24451 ,24554 
아시아,쿠웨이트,1941 ,2010 ,2070 ,2127 ,2189 ,2264 ,2351 ,2448 ,2548 ,2646 ,2737 ,2818 ,2892 
아시아,키르기즈스탄,4955 ,4988 ,5003 ,5008 ,5018 ,5042 ,5084 ,5139 ,5204 ,5271 ,5334 ,5393 ,5448 
아시아,라오스,5317 ,5409 ,5497 ,5582 ,5667 ,5753 ,5842 ,5931 ,6022 ,6112 ,6201 ,6288 ,6374 
아시아,레바논,3742 ,3803 ,3869 ,3935 ,3998 ,4052 ,4097 ,4135 ,4167 ,4197 ,4228 ,4259 ,4292 
아시아,마카오,432 ,440 ,449 ,459 ,470 ,481 ,493 ,506 ,518 ,531 ,544 ,556 ,567 
아시아,말레이시아,23415 ,23965 ,24515 ,25060 ,25590 ,26100 ,26586 ,27051 ,27502 ,27949 ,28401 ,28859 ,29322 
아시아,몰디브,273 ,278 ,282 ,287 ,291 ,295 ,299 ,304 ,308 ,312 ,316 ,320 ,324 
아시아,몽골,2411 ,2435 ,2459 ,2485 ,2514 ,2547 ,2584 ,2625 ,2667 ,2712 ,2756 ,2800 ,2844 
아시아,미얀마,44958 ,45324 ,45609 ,45844 ,46070 ,46321 ,46605 ,46916 ,47250 ,47601 ,47963 ,48337 ,48724 
아시아,네팔,24401 ,24980 ,25563 ,26144 ,26718 ,27282 ,27834 ,28374 ,28905 ,29433 ,29959 ,30486 ,31011 
아시아,오만,2264 ,2279 ,2303 ,2336 ,2378 ,2430 ,2491 ,2561 ,2637 ,2712 ,2782 ,2846 ,2904 
아시아,파키스탄,144522 ,147558 ,150407 ,153140 ,155860 ,158645 ,161513 ,164446 ,167442 ,170494 ,173593 ,176745 ,179951 
아시아,팔레스타인,3199 ,3285 ,3356 ,3419 ,3483 ,3556 ,3638 ,3728 ,3827 ,3931 ,4039 ,4152 ,4271 
아시아,필리핀,77310 ,78964 ,80630 ,82294 ,83937 ,85546 ,87116 ,88653 ,90173 ,91703 ,93261 ,94852 ,96471 
아시아,카타르,591 ,608 ,624 ,654 ,715 ,821 ,978 ,1178 ,1396 ,1598 ,1759 ,1870 ,1939 
아시아,사우디아라비아,20045 ,20682 ,21463 ,22334 ,23214 ,24041 ,24799 ,25504 ,26167 ,26809 ,27448 ,28083 ,28705 
아시아,싱가포르,3919 ,3981 ,4032 ,4086 ,4160 ,4266 ,4410 ,4585 ,4772 ,4946 ,5086 ,5188 ,5256 
아시아,스리랑카,18745 ,18922 ,19134 ,19370 ,19611 ,19843 ,20062 ,20272 ,20474 ,20669 ,20860 ,21045 ,21224 
아시아,시리아,15989 ,16455 ,16963 ,17490 ,18005 ,18484 ,18921 ,19321 ,19694 ,20054 ,20411 ,20766 ,21118 
아시아,대만,22277 ,22406 ,22521 ,22605 ,22689 ,22770 ,22877 ,22958 ,23037 ,23120 ,23162 ,23212 ,23256 
아시아,타지키스탄,6173 ,6233 ,6286 ,6337 ,6391 ,6453 ,6525 ,6604 ,6691 ,6783 ,6879 ,6977 ,7079 
아시아,태국,63155 ,63899 ,64643 ,65370 ,66060 ,66698 ,67276 ,67796 ,68268 ,68706 ,69122 ,69519 ,69892 
아시아,터키,63628 ,64545 ,65446 ,66339 ,67236 ,68143 ,69064 ,69993 ,70924 ,71846 ,72752 ,73640 ,74509 
아시아,투르크메니스탄,4501 ,4552 ,4600 ,4648 ,4697 ,4748 ,4802 ,4859 ,4918 ,4980 ,5042 ,5105 ,5170 
아시아,아랍에미리트,3033 ,3149 ,3255 ,3401 ,3658 ,4069 ,4663 ,5406 ,6207 ,6939 ,7512 ,7891 ,8106 
아시아,우즈베키스탄,24776 ,25043 ,25275 ,25489 ,25708 ,25947 ,26214 ,26504 ,26812 ,27128 ,27445 ,27760 ,28077 
아시아,베트남,78758 ,79630 ,80501 ,81377 ,82263 ,83161 ,84076 ,85007 ,85952 ,86901 ,87848 ,88792 ,89730 
아시아,예멘,17723 ,18266 ,18832 ,19420 ,20026 ,20649 ,21288 ,21947 ,22627 ,23328 ,24053 ,24800 ,25569 
북아메리카,캐나다,30667 ,30967 ,31282 ,31609 ,31944 ,32283 ,32628 ,32977 ,33328 ,33675 ,34017 ,34350 ,34675 
북아메리카,멕시코,99960 ,101330 ,102634 ,103903 ,105176 ,106484 ,107835 ,109221 ,110627 ,112033 ,113423 ,114793 ,116147 
북아메리카,미국,282496 ,285545 ,288467 ,291291 ,294063 ,296820 ,299564 ,302285 ,304989 ,307687 ,310384 ,313085 ,315791 
남아메리카,아르헨티나,36931 ,37302 ,37657 ,38001 ,38341 ,38681 ,39024 ,39368 ,39714 ,40062 ,40412 ,40765 ,41119 
남아메리카,바하마,298 ,302 ,306 ,310 ,315 ,319 ,324 ,329 ,334 ,338 ,343 ,347 ,351 
남아메리카,바베이도스,268 ,268 ,269 ,269 ,270 ,271 ,271 ,272 ,272 ,273 ,273 ,274 ,275 
남아메리카,벨리즈,251 ,257 ,263 ,269 ,275 ,281 ,287 ,293 ,299 ,305 ,312 ,318 ,324 
남아메리카,볼리비아,8307 ,8477 ,8647 ,8816 ,8983 ,9147 ,9307 ,9463 ,9618 ,9773 ,9930 ,10088 ,10248 
남아메리카,브라질,174425 ,176877 ,179289 ,181633 ,183873 ,185987 ,187958 ,189798 ,191543 ,193247 ,194946 ,196655 ,198361 
남아메리카,칠레,15420 ,15604 ,15784 ,15960 ,16132 ,16302 ,16469 ,16633 ,16796 ,16956 ,17114 ,17270 ,17423 
남아메리카,콜롬비아,39764 ,40423 ,41078 ,41732 ,42386 ,43041 ,43697 ,44352 ,45006 ,45654 ,46295 ,46927 ,47551 
남아메리카,코스타리카,3919 ,4003 ,4083 ,4160 ,4236 ,4309 ,4382 ,4453 ,4522 ,4591 ,4659 ,4727 ,4794 
남아메리카,쿠바,11104 ,11140 ,11175 ,11208 ,11235 ,11254 ,11265 ,11269 ,11267 ,11263 ,11258 ,11254 ,11249 
남아메리카,도미니카공화국,8592 ,8726 ,8861 ,8995 ,9130 ,9264 ,9398 ,9532 ,9665 ,9797 ,9927 ,10056 ,10183 
남아메리카,에콰도르,12345 ,12552 ,12767 ,12988 ,13209 ,13426 ,13640 ,13850 ,14057 ,14262 ,14465 ,14666 ,14865 
남아메리카,엘살바도르,5940 ,5966 ,5988 ,6009 ,6029 ,6051 ,6074 ,6101 ,6130 ,6160 ,6193 ,6227 ,6264 
남아메리카,프랑스령기아나,165 ,172 ,179 ,187 ,195 ,202 ,208 ,214 ,220 ,225 ,231 ,237 ,243 
남아메리카,과들루프,427 ,431 ,435 ,439 ,442 ,446 ,449 ,452 ,455 ,458 ,461 ,463 ,465 
남아메리카,과테말라,11237 ,11513 ,11800 ,12099 ,12405 ,12717 ,13035 ,13359 ,13691 ,14034 ,14389 ,14757 ,15138 
남아메리카,가이아나,733 ,735 ,738 ,741 ,744 ,746 ,748 ,750 ,752 ,753 ,754 ,756 ,758 
남아메리카,아이티,8645 ,8792 ,8935 ,9075 ,9213 ,9347 ,9479 ,9608 ,9736 ,9864 ,9993 ,10124 ,10256 
남아메리카,온두라스,6218 ,6347 ,6478 ,6609 ,6743 ,6879 ,7018 ,7159 ,7303 ,7450 ,7601 ,7755 ,7912 
남아메리카,자메이카,2582 ,2604 ,2626 ,2646 ,2665 ,2682 ,2696 ,2709 ,2720 ,2731 ,2741 ,2751 ,2761 
남아메리카,마르티니크,385 ,388 ,391 ,393 ,395 ,397 ,399 ,401 ,403 ,404 ,406 ,407 ,408 
남아메리카,앤틸리스,180 ,180 ,180 ,182 ,184 ,186 ,189 ,192 ,195 ,198 ,201 ,203 ,205 
남아메리카,니카라과,5074 ,5149 ,5220 ,5288 ,5356 ,5424 ,5494 ,5564 ,5636 ,5710 ,5788 ,5870 ,5955 
남아메리카,파나마,2956 ,3013 ,3069 ,3126 ,3182 ,3238 ,3295 ,3351 ,3406 ,3462 ,3517 ,3571 ,3625 
남아메리카,파라과이,5344 ,5454 ,5565 ,5676 ,5787 ,5898 ,6009 ,6119 ,6230 ,6342 ,6455 ,6568 ,6683 
남아메리카,페루,25862 ,26228 ,26579 ,26916 ,27242 ,27559 ,27866 ,28166 ,28463 ,28765 ,29077 ,29400 ,29734 
남아메리카,푸에르토리코,3814 ,3817 ,3813 ,3803 ,3792 ,3782 ,3773 ,3765 ,3759 ,3754 ,3749 ,3746 ,3743 
남아메리카,세인트루시아,157 ,159 ,160 ,162 ,164 ,165 ,167 ,169 ,171 ,172 ,174 ,176 ,178 
남아메리카,세인트빈센트그레나딘,108 ,108 ,108 ,108 ,109 ,109 ,109 ,109 ,109 ,109 ,109 ,109 ,109 
남아메리카,수리남,467 ,473 ,480 ,487 ,493 ,499 ,505 ,510 ,515 ,520 ,525 ,529 ,534 
남아메리카,트리니다드토바고,1292 ,1297 ,1302 ,1306 ,1311 ,1315 ,1320 ,1326 ,1331 ,1336 ,1341 ,1346 ,1351 
남아메리카,미국령버진아일랜드,109 ,109 ,109 ,109 ,109 ,109 ,109 ,109 ,109 ,109 ,109 ,109 ,109 
남아메리카,우루과이,3319 ,3325 ,3325 ,3323 ,3321 ,3323 ,3327 ,3336 ,3346 ,3357 ,3369 ,3380 ,3391 
남아메리카,베네수엘라,24348 ,24811 ,25273 ,25736 ,26200 ,26664 ,27129 ,27593 ,28057 ,28520 ,28980 ,29437 ,29891 
유럽,알바니아,3072 ,3077 ,3090 ,3107 ,3125 ,3142 ,3157 ,3170 ,3181 ,3193 ,3204 ,3216 ,3227 
유럽,오스트리아,8005 ,8038 ,8083 ,8134 ,8186 ,8232 ,8273 ,8310 ,8342 ,8370 ,8394 ,8413 ,8429 
유럽,벨라루스,10058 ,10010 ,9963 ,9918 ,9872 ,9825 ,9777 ,9728 ,9681 ,9636 ,9595 ,9559 ,9527 
유럽,벨기에,10176 ,10211 ,10254 ,10303 ,10357 ,10414 ,10475 ,10539 ,10602 ,10661 ,10712 ,10754 ,10788 
유럽,보스니아-헤르체고비나,3694 ,3748 ,3776 ,3783 ,3781 ,3781 ,3782 ,3779 ,3774 ,3768 ,3760 ,3752 ,3744 
유럽,불가리아,8006 ,7948 ,7893 ,7840 ,7789 ,7739 ,7690 ,7640 ,7591 ,7543 ,7494 ,7446 ,7398 
유럽,샤넬군도,145 ,146 ,147 ,147 ,148 ,149 ,150 ,151 ,152 ,153 ,153 ,154 ,154 
유럽,크로아티아,4506 ,4482 ,4466 ,4457 ,4450 ,4442 ,4434 ,4426 ,4418 ,4411 ,4403 ,4396 ,4387 
유럽,체코,10243 ,10226 ,10210 ,10199 ,10202 ,10221 ,10259 ,10314 ,10377 ,10440 ,10493 ,10534 ,10566 
유럽,덴마크,5340 ,5356 ,5371 ,5384 ,5400 ,5419 ,5443 ,5469 ,5497 ,5525 ,5550 ,5573 ,5593 
유럽,에스토니아,1371 ,1363 ,1357 ,1352 ,1348 ,1346 ,1344 ,1343 ,1342 ,1342 ,1341 ,1341 ,1340 
유럽,핀란드,5173 ,5185 ,5197 ,5211 ,5226 ,5244 ,5266 ,5290 ,5316 ,5342 ,5365 ,5385 ,5403 
유럽,프랑스,59048 ,59391 ,59775 ,60184 ,60597 ,60997 ,61378 ,61745 ,62098 ,62445 ,62787 ,63126 ,63458 
유럽,독일,82349 ,82384 ,82432 ,82484 ,82524 ,82541 ,82536 ,82516 ,82475 ,82405 ,82302 ,82163 ,81991 
유럽,그리스,10987 ,11032 ,11073 ,11111 ,11147 ,11183 ,11219 ,11256 ,11292 ,11327 ,11359 ,11390 ,11419 
유럽,헝가리,10211 ,10185 ,10159 ,10135 ,10110 ,10087 ,10064 ,10043 ,10022 ,10002 ,9984 ,9966 ,9950 
유럽,아이슬란드,281 ,284 ,287 ,290 ,293 ,297 ,301 ,306 ,311 ,316 ,320 ,324 ,328 
유럽,아일랜드,3804 ,3866 ,3936 ,4011 ,4086 ,4158 ,4226 ,4291 ,4353 ,4412 ,4470 ,4526 ,4579 
유럽,이탈리아,56986 ,57199 ,57499 ,57864 ,58264 ,58671 ,59082 ,59495 ,59891 ,60249 ,60551 ,60789 ,60964 
유럽,라트비아,2385 ,2367 ,2350 ,2334 ,2319 ,2306 ,2293 ,2282 ,2271 ,2261 ,2252 ,2243 ,2235 
유럽,리투아니아,3500 ,3480 ,3462 ,3447 ,3432 ,3416 ,3398 ,3379 ,3360 ,3341 ,3324 ,3307 ,3292 
유럽,룩셈부르크,435 ,440 ,443 ,446 ,451 ,457 ,466 ,476 ,487 ,498 ,507 ,516 ,523 
유럽,마케도니아,2009 ,2016 ,2022 ,2028 ,2033 ,2038 ,2043 ,2048 ,2053 ,2057 ,2061 ,2064 ,2067 
유럽,몰타,397 ,400 ,402 ,405 ,407 ,409 ,411 ,413 ,414 ,415 ,417 ,418 ,419 
유럽,몰도바,4107 ,4040 ,3969 ,3896 ,3828 ,3767 ,3715 ,3672 ,3635 ,3603 ,3573 ,3545 ,3519 
유럽,네덜란드,15863 ,15953 ,16046 ,16138 ,16225 ,16305 ,16378 ,16443 ,16503 ,16559 ,16613 ,16665 ,16714 
유럽,노르웨이,4491 ,4514 ,4536 ,4559 ,4587 ,4623 ,4669 ,4722 ,4779 ,4834 ,4883 ,4925 ,4960 
유럽,폴란드,38302 ,38267 ,38230 ,38198 ,38175 ,38165 ,38170 ,38190 ,38218 ,38249 ,38277 ,38299 ,38317 
유럽,포르투갈,10336 ,10380 ,10423 ,10466 ,10506 ,10544 ,10578 ,10608 ,10635 ,10657 ,10676 ,10690 ,10699 
유럽,루마니아,22192 ,22100 ,22011 ,21925 ,21845 ,21772 ,21705 ,21645 ,21590 ,21537 ,21486 ,21436 ,21388 
유럽,러시아,146758 ,146162 ,145520 ,144880 ,144307 ,143843 ,143510 ,143295 ,143163 ,143064 ,142958 ,142836 ,142703 
유럽,슬로바키아,5405 ,5407 ,5408 ,5409 ,5411 ,5415 ,5422 ,5431 ,5441 ,5452 ,5462 ,5472 ,5480 
유럽,슬로베니아,1985 ,1988 ,1991 ,1994 ,1998 ,2002 ,2007 ,2012 ,2018 ,2024 ,2030 ,2035 ,2040 
유럽,스페인,40288 ,40767 ,41365 ,42040 ,42732 ,43395 ,44018 ,44604 ,45146 ,45638 ,46077 ,46455 ,46772 
유럽,스웨덴,8860 ,8877 ,8902 ,8935 ,8978 ,9029 ,9091 ,9161 ,9237 ,9311 ,9380 ,9441 ,9495 
유럽,스위스,7168 ,7208 ,7255 ,7307 ,7361 ,7415 ,7468 ,7522 ,7573 ,7621 ,7664 ,7702 ,7734 
유럽,우크라이나,48892 ,48448 ,48032 ,47643 ,47275 ,46924 ,46592 ,46282 ,45992 ,45715 ,45448 ,45190 ,44940 
유럽,영국,58874 ,59097 ,59340 ,59604 ,59892 ,60203 ,60538 ,60896 ,61270 ,61652 ,62036 ,62417 ,62798 
유럽,몬테네그로,633 ,630 ,629 ,628 ,627 ,627 ,627 ,628 ,629 ,630 ,631 ,632 ,633 
유럽,세르비아,10134 ,10077 ,10013 ,9950 ,9895 ,9856 ,9836 ,9833 ,9841 ,9851 ,9856 ,9854 ,9847 
아프리카,알제리,30534 ,30982 ,31442 ,31913 ,32396 ,32888 ,33392 ,33907 ,34428 ,34950 ,35468 ,35980 ,36486 
아프리카,앙골라,13926 ,14388 ,14890 ,15420 ,15957 ,16489 ,17010 ,17525 ,18038 ,18555 ,19082 ,19618 ,20163 
아프리카,베냉,6518 ,6721 ,6938 ,7165 ,7398 ,7634 ,7872 ,8113 ,8356 ,8602 ,8850 ,9100 ,9352 
아프리카,보츠와나,1758 ,1784 ,1808 ,1830 ,1852 ,1876 ,1901 ,1928 ,1955 ,1982 ,2007 ,2031 ,2053 
아프리카,부르키나파소,12294 ,12648 ,13015 ,13396 ,13790 ,14198 ,14622 ,15061 ,15515 ,15984 ,16469 ,16968 ,17482 
아프리카,부룬디,6374 ,6500 ,6656 ,6839 ,7040 ,7251 ,7474 ,7708 ,7943 ,8171 ,8383 ,8575 ,8749 
아프리카,카메룬,15678 ,16040 ,16408 ,16783 ,17165 ,17554 ,17948 ,18350 ,18759 ,19175 ,19599 ,20030 ,20469 
아프리카,카보베르데,437 ,445 ,453 ,460 ,467 ,473 ,478 ,483 ,487 ,492 ,496 ,501 ,505 
아프리카,중앙아프리카공화국,3702 ,3767 ,3829 ,3890 ,3952 ,4018 ,4088 ,4161 ,4238 ,4318 ,4401 ,4487 ,4576 
아프리카,차드,8222 ,8518 ,8831 ,9154 ,9475 ,9786 ,10084 ,10372 ,10654 ,10937 ,11227 ,11525 ,11831 
아프리카,코모로,562 ,578 ,593 ,609 ,626 ,643 ,661 ,679 ,697 ,716 ,735 ,754 ,773 
아프리카,콩고,3136 ,3213 ,3289 ,3365 ,3446 ,3533 ,3629 ,3731 ,3836 ,3941 ,4043 ,4140 ,4233 
아프리카,콩고민주공화국,49626 ,50989 ,52491 ,54098 ,55755 ,57421 ,59088 ,60772 ,62475 ,64204 ,65966 ,67758 ,69575 
아프리카,코트디부아르,16582 ,16893 ,17181 ,17456 ,17732 ,18021 ,18326 ,18647 ,18987 ,19350 ,19738 ,20153 ,20595 
아프리카,지부티,732 ,750 ,765 ,780 ,794 ,808 ,824 ,839 ,856 ,872 ,889 ,906 ,923 
아프리카,이집트,67648 ,68888 ,70175 ,71498 ,72845 ,74203 ,75568 ,76942 ,78323 ,79716 ,81121 ,82537 ,83958 
아프리카,적도기니,520 ,537 ,554 ,572 ,590 ,608 ,626 ,644 ,662 ,681 ,700 ,720 ,740 
아프리카,에리트레아,3668 ,3812 ,3974 ,4146 ,4318 ,4486 ,4646 ,4799 ,4948 ,5098 ,5254 ,5415 ,5581 
아프리카,에티오피아,65578 ,67304 ,69041 ,70784 ,72527 ,74264 ,75993 ,77718 ,79446 ,81188 ,82950 ,84734 ,86539 
아프리카,가봉,1235 ,1263 ,1291 ,1317 ,1344 ,1371 ,1397 ,1424 ,1450 ,1478 ,1505 ,1534 ,1564 
아프리카,감비아,1297 ,1336 ,1376 ,1418 ,1460 ,1504 ,1547 ,1591 ,1636 ,1682 ,1728 ,1776 ,1825 
아프리카,가나,19165 ,19632 ,20114 ,20611 ,21120 ,21640 ,22171 ,22712 ,23264 ,23824 ,24392 ,24966 ,25546 
아프리카,기니,8344 ,8472 ,8605 ,8744 ,8889 ,9041 ,9202 ,9374 ,9559 ,9761 ,9982 ,10222 ,10481 
아프리카,기니비사우,1241 ,1265 ,1290 ,1315 ,1341 ,1368 ,1395 ,1424 ,1454 ,1484 ,1515 ,1547 ,1580 
아프리카,케냐,31254 ,32076 ,32928 ,33805 ,34702 ,35615 ,36541 ,37485 ,38455 ,39462 ,40513 ,41610 ,42749 
아프리카,레소토,1964 ,1989 ,2010 ,2029 ,2047 ,2066 ,2086 ,2106 ,2127 ,2149 ,2171 ,2194 ,2217 
아프리카,라이베리아,2847 ,2939 ,2996 ,3037 ,3093 ,3183 ,3314 ,3477 ,3658 ,3836 ,3994 ,4129 ,4245 
아프리카,리비아,5231 ,5331 ,5434 ,5541 ,5653 ,5770 ,5894 ,6023 ,6150 ,6263 ,6355 ,6423 ,6469 
아프리카,마다가스카르,15364 ,15846 ,16339 ,16842 ,17358 ,17886 ,18427 ,18980 ,19546 ,20124 ,20714 ,21315 ,21929 
아프리카,말라위,11229 ,11529 ,11833 ,12145 ,12473 ,12823 ,13195 ,13589 ,14005 ,14442 ,14901 ,15381 ,15883 
아프리카,말리,11295 ,11640 ,12002 ,12380 ,12772 ,13177 ,13593 ,14021 ,14460 ,14910 ,15370 ,15840 ,16319 
아프리카,모리타니,2643 ,2720 ,2800 ,2882 ,2965 ,3047 ,3130 ,3213 ,3295 ,3378 ,3460 ,3542 ,3623 
아프리카,모리셔스,1196 ,1208 ,1221 ,1234 ,1246 ,1257 ,1267 ,1276 ,1284 ,1292 ,1299 ,1307 ,1314 
아프리카,모로코,28793 ,29129 ,29454 ,29770 ,30082 ,30392 ,30702 ,31011 ,31321 ,31635 ,31951 ,32273 ,32599 
아프리카,모잠비크,18201 ,18691 ,19200 ,19721 ,20246 ,20770 ,21291 ,21811 ,22333 ,22859 ,23391 ,23930 ,24475 
아프리카,나미비아,1896 ,1936 ,1973 ,2008 ,2043 ,2080 ,2119 ,2159 ,2200 ,2242 ,2283 ,2324 ,2364 
아프리카,니제르,10922 ,11308 ,11706 ,12118 ,12547 ,12994 ,13460 ,13946 ,14450 ,14972 ,15512 ,16069 ,16644 
아프리카,나이지리아,123689 ,126705 ,129832 ,133067 ,136399 ,139823 ,143339 ,146951 ,150666 ,154488 ,158423 ,162471 ,166629 
아프리카,레위니옹,739 ,751 ,762 ,773 ,784 ,795 ,805 ,816 ,826 ,836 ,846 ,856 ,865 
아프리카,르완다,8098 ,8457 ,8696 ,8858 ,9010 ,9202 ,9441 ,9711 ,10004 ,10311 ,10624 ,10943 ,11272 
아프리카,상투메프린시페,141 ,143 ,146 ,148 ,150 ,153 ,155 ,157 ,160 ,163 ,165 ,169 ,172 
아프리카,세네갈,9506 ,9759 ,10023 ,10298 ,10581 ,10872 ,11170 ,11475 ,11787 ,12107 ,12434 ,12768 ,13108 
아프리카,시에라리온,4143 ,4304 ,4506 ,4730 ,4952 ,5153 ,5327 ,5478 ,5612 ,5739 ,5868 ,5997 ,6126 
아프리카,소말리아,7399 ,7597 ,7791 ,7982 ,8171 ,8360 ,8547 ,8733 ,8922 ,9120 ,9331 ,9557 ,9797 
아프리카,남아프리카공화국,44760 ,45390 ,46015 ,46631 ,47227 ,47793 ,48331 ,48842 ,49319 ,49752 ,50133 ,50460 ,50738 
아프리카,수단,34188 ,35002 ,35816 ,36643 ,37504 ,38410 ,39369 ,40374 ,41415 ,42478 ,43552 ,44632 ,45722 
아프리카,스와질란드,1064 ,1075 ,1083 ,1089 ,1095 ,1105 ,1118 ,1133 ,1150 ,1168 ,1186 ,1203 ,1220 
아프리카,탄자니아,34038 ,34917 ,35832 ,36788 ,37787 ,38831 ,39924 ,41068 ,42268 ,43525 ,44841 ,46218 ,47656 
아프리카,토고,4794 ,4926 ,5051 ,5170 ,5288 ,5408 ,5530 ,5653 ,5777 ,5902 ,6028 ,6155 ,6283 
아프리카,튀니지,9456 ,9546 ,9634 ,9722 ,9814 ,9912 ,10018 ,10130 ,10247 ,10365 ,10481 ,10594 ,10705 
아프리카,우간다,24213 ,24984 ,25794 ,26642 ,27522 ,28431 ,29370 ,30340 ,31339 ,32368 ,33425 ,34509 ,35621 
아프리카,서사하라,315 ,337 ,362 ,389 ,416 ,440 ,462 ,480 ,497 ,513 ,531 ,548 ,567 
아프리카,잠비아,10202 ,10450 ,10693 ,10938 ,11192 ,11462 ,11750 ,12055 ,12380 ,12724 ,13089 ,13475 ,13884 
아프리카,짐바브웨,12509 ,12575 ,12608 ,12613 ,12598 ,12571 ,12530 ,12481 ,12452 ,12474 ,12571 ,12754 ,13014 
오세아니아,오스트레일리아,19164 ,19382 ,19604 ,19840 ,20104 ,20404 ,20744 ,21120 ,21514 ,21902 ,22268 ,22606 ,22919 
오세아니아,피지,812 ,815 ,816 ,817 ,819 ,823 ,828 ,835 ,844 ,852 ,861 ,868 ,876 
오세아니아,프랑스령폴리네시아,238 ,241 ,245 ,248 ,252 ,255 ,258 ,261 ,265 ,268 ,271 ,274 ,277 
오세아니아,괌,155 ,158 ,160 ,163 ,166 ,169 ,171 ,173 ,176 ,178 ,180 ,182 ,184 
오세아니아,마이크로네시아,107 ,107 ,108 ,108 ,109 ,109 ,110 ,110 ,110 ,111 ,111 ,112 ,112 
오세아니아,뉴칼레도니아,212 ,216 ,220 ,223 ,227 ,231 ,235 ,239 ,243 ,247 ,251 ,255 ,259 
오세아니아,뉴질랜드,3858 ,3907 ,3962 ,4021 ,4079 ,4134 ,4185 ,4232 ,4278 ,4323 ,4368 ,4415 ,4461 
오세아니아,파푸아뉴기니,5379 ,5519 ,5660 ,5803 ,5948 ,6095 ,6245 ,6396 ,6549 ,6703 ,6858 ,7014 ,7170 
오세아니아,사모아,177 ,178 ,178 ,179 ,180 ,180 ,181 ,181 ,182 ,182 ,183 ,184 ,185 
오세아니아,솔로몬제도,409 ,420 ,432 ,444 ,457 ,470 ,483 ,496 ,510 ,524 ,538 ,552 ,566 
오세아니아,통가,98 ,98 ,99 ,100 ,100 ,101 ,102 ,102 ,103 ,104 ,104 ,105 ,105 
오세아니아,바누아투,185 ,190 ,195 ,200 ,206 ,211 ,217 ,222 ,228 ,234 ,240 ,246 ,252 
